number,time_in_system_days
57186,0.8224652777777778
57185,0.0158680555555555
57184,4.839699074074074
57182,68.05625
57180,0.0419328703703703
57179,0.0422569444444444
57175,0.1487731481481481
57174,1.460740740740741
57173,1.2085300925925926
57172,34.32788194444444
57169,0.2798611111111111
57167,0.3935069444444444
57164,10.433483796296295
57163,1.937349537037037
57162,0.7018402777777778
57160,0.0651041666666666
57159,0.14625
57157,0.103287037037037
57156,0.8676851851851852
57153,0.0503125
57146,0.0336226851851851
57145,2.6590162037037035
57144,0.5804976851851852
57143,0.0969212962962963
57142,0.0982291666666666
57141,0.0985185185185185
57140,1.7072337962962962
57139,0.0598379629629629
57136,1.1883333333333332
57135,0.0325810185185185
57134,0.0390162037037037
57133,0.0416666666666666
57132,0.0642129629629629
57131,0.0552199074074074
57127,2.393715277777778
57126,0.4581481481481481
57122,0.7552314814814814
57121,11.919340277777778
57120,0.1590162037037037
57118,3.2149074074074075
57117,1.3444675925925926
57116,0.6062731481481481
57114,1.397800925925926
57112,3.386111111111111
57109,3.658622685185185
57108,1.8213194444444445
57105,0.0657407407407407
57103,5.561909722222223
57102,2.8925578703703705
57101,2.6827199074074075
57096,6.607754629629629
57091,0.1556597222222222
57090,0.0472569444444444
57089,2.2205902777777777
57086,0.0565046296296296
57084,0.2125462962962963
57081,0.6474421296296297
57079,2.927048611111111
57078,0.7739583333333333
57072,0.0680902777777777
57062,0.6318055555555555
57061,5.053761574074074
57060,8.7896875
57059,0.7332986111111112
57058,0.0789699074074074
57057,0.2401967592592592
57046,2.534710648148148
57042,14.28181712962963
57034,2.204699074074074
57029,0.2768865740740741
57026,6.312986111111111
57025,0.4504629629629629
57023,1.046099537037037
57021,0.0411689814814814
57020,0.0480787037037037
57018,0.040625
57015,7.083599537037037
57014,0.1525694444444444
57013,0.0583217592592592
57011,0.2242129629629629
57009,0.2873958333333333
57005,0.2704861111111111
56998,0.7475925925925926
56997,1.8797106481481485
56993,10.314131944444444
56990,1.9769328703703704
56989,1.0294328703703703
56987,0.0195949074074074
56986,0.0208217592592592
56985,2.2657291666666666
56983,0.1074537037037037
56982,1.3206481481481482
56981,26.202337962962964
56980,0.0652662037037037
56974,3.358726851851852
56971,2.4880092592592598
56970,2.218425925925926
56969,0.0215856481481481
56967,0.0708449074074074
56964,0.0957638888888888
56963,0.048136574074074
56962,0.0478935185185185
56961,0.0529861111111111
56960,0.0712152777777777
56953,0.5482986111111111
56952,0.5407638888888889
56950,0.0453356481481481
56949,0.5938078703703704
56948,3.980636574074074
56947,0.0926157407407407
56945,19.69922453703704
56944,0.0581944444444444
56943,0.154849537037037
56941,4.0459606481481485
56938,0.4835879629629629
56937,0.6839236111111111
56933,0.0242824074074074
56931,0.0195717592592592
56930,0.0638888888888888
56928,14.209398148148148
56926,1.2191435185185184
56925,0.3197222222222222
56924,0.0481712962962962
56922,2.538923611111111
56921,37.78605324074074
56919,0.7014467592592593
56916,0.058287037037037
56915,0.0739814814814814
56914,0.2034143518518518
56910,0.8122106481481481
56909,0.1064814814814814
56907,44.51506944444444
56906,0.4620023148148148
56905,1.8697916666666667
56904,0.660775462962963
56902,0.720925925925926
56901,0.2833333333333333
56900,0.6247800925925926
56898,0.3921875
56896,3.823530092592593
56895,0.8088657407407407
56894,0.8169791666666667
56893,0.0136805555555555
56892,1.2085300925925926
56891,0.1311342592592592
56889,0.088449074074074
56886,0.229224537037037
56884,0.0584953703703703
56881,0.2158333333333333
56880,0.7350347222222222
56879,0.7661226851851852
56878,0.7724074074074074
56875,0.2785185185185185
56873,0.2681018518518518
56871,0.4408796296296296
56870,1.052037037037037
56868,1.0219560185185186
56867,1.0646412037037036
56863,25.74193287037037
56862,0.0305092592592592
56861,0.1877893518518518
56859,0.3287152777777777
56855,3.102592592592593
56854,0.6580902777777777
56849,1.0433680555555556
56843,2.230474537037037
56841,0.6595486111111111
56838,6.998043981481482
56835,0.1405439814814814
56834,1.2766550925925926
56833,0.2197337962962963
56832,69.32086805555555
56831,0.1444097222222222
56830,0.2643634259259259
56829,0.3454861111111111
56828,0.6347106481481481
56827,3.9988888888888887
56824,6.74556712962963
56823,10.878414351851852
56822,0.5826851851851852
56820,0.1225810185185185
56819,0.0809606481481481
56818,0.0687152777777777
56817,0.7780902777777777
56816,0.0485648148148148
56814,0.2545138888888889
56813,0.0610069444444444
56812,0.0640972222222222
56811,0.0163541666666666
56809,0.1763773148148148
56808,0.2828472222222222
56807,0.1030787037037037
56806,0.7336574074074074
56803,0.0183333333333333
56802,1.0231828703703705
56800,0.4460185185185185
56799,0.1173842592592592
56795,0.0521527777777777
56792,24.65622685185185
56790,0.1252546296296296
56789,0.6214351851851851
56788,1.9717361111111111
56787,2.792951388888889
56786,0.0742361111111111
56785,0.036261574074074
56783,0.0462152777777777
56782,0.0478935185185185
56780,0.0550462962962962
56772,1.386122685185185
56771,1.011423611111111
56770,0.054849537037037
56769,0.9365972222222222
56767,1.1241782407407408
56766,1.165162037037037
56762,8.161099537037037
56761,0.4058333333333333
56760,8.450983796296295
56758,36.76638888888889
56757,3.0458333333333334
56751,1.4238425925925926
56749,3.07255787037037
56746,0.0626157407407407
56745,5.147569444444445
56744,0.0325231481481481
56743,0.2350810185185185
56739,38.97630787037037
56738,5.859699074074074
56737,1.6796875
56731,0.4948263888888889
56730,0.2020486111111111
56726,0.8018287037037037
56725,0.0012268518518518
56724,4.943842592592593
56723,0.0409953703703703
56721,0.0393055555555555
56720,0.0531018518518518
56719,0.026886574074074
56715,0.1161226851851851
56709,0.688587962962963
56708,0.735
56704,1.101527777777778
56699,1.0363194444444443
56698,0.0572916666666666
57684,5.066898148148148
57679,12.108854166666667
57678,5.3604976851851855
57675,4.626620370370371
57674,5.455219907407408
57671,4.844618055555555
57670,4.905613425925926
57668,2.848726851851852
57667,0.074074074074074
57665,7.999317129629629
57654,0.0580092592592592
57653,0.7664583333333334
57652,0.0565277777777777
57651,6.200844907407407
57649,0.9388657407407408
57648,8.155868055555555
57647,7.229189814814815
57638,0.5259722222222222
57637,4.667291666666666
57632,18.97883101851852
57630,1.0691435185185183
57627,24.84864583333333
57625,0.8280439814814815
57618,0.8325231481481481
57616,3.3196180555555554
57615,1.5651851851851852
57614,2.3204861111111112
57613,1.3919907407407408
57612,1.416574074074074
57611,1.635300925925926
57609,1.6686689814814817
57606,1.697650462962963
57605,1.7778587962962964
57603,0.0739004629629629
57601,3.326909722222222
57600,2.2283449074074078
57599,0.2706134259259259
57598,0.2775347222222222
57595,0.0341435185185185
57588,7.261087962962962
57586,13.098333333333333
57583,0.0190509259259259
57582,0.0224537037037037
57581,0.0889699074074074
57579,0.0510648148148148
57576,0.0295949074074074
57575,0.6028703703703704
57573,0.0308101851851851
57571,1.923888888888889
57570,0.9458333333333332
57568,0.0415162037037037
57563,0.3856134259259259
57562,4.486354166666667
57561,1.4790277777777778
57560,0.632974537037037
57558,0.0428819444444444
57557,0.0560300925925925
57556,0.8069560185185185
57555,1.0652662037037035
57554,0.0306597222222222
57553,33.22107638888889
57552,0.0448263888888888
57551,0.0822685185185185
57548,35.196608796296296
57542,0.8675115740740741
57541,0.0448958333333333
57538,0.0310532407407407
57537,0.0701736111111111
57536,0.0390972222222222
57535,0.0679629629629629
57534,0.2084027777777777
57533,0.0586342592592592
57532,0.0305208333333333
57530,0.0174074074074074
57528,0.027511574074074
57527,0.0311689814814814
57522,0.223761574074074
57519,0.2832060185185185
57518,0.6186689814814815
57516,0.9259837962962963
57515,0.0719907407407407
57513,0.0368518518518518
57510,0.8607638888888889
57509,0.0811689814814814
57507,0.1122569444444444
57504,1.612627314814815
57503,0.6504513888888889
57502,0.0151273148148148
57497,0.2735069444444444
57496,0.2790972222222222
57494,110.60574074074074
57490,0.9407986111111112
57489,1.847974537037037
57488,1.1367708333333333
57487,43.06709490740741
57486,1.093912037037037
57485,0.085474537037037
57484,0.0361921296296296
57482,1.393587962962963
57481,1.8344097222222224
57479,2.7110416666666666
57478,29.73008101851852
57477,1.7661574074074071
57476,3.832986111111111
57474,0.7675694444444444
57473,2.084907407407407
57471,4.223148148148148
57467,18.832962962962963
57466,0.8908217592592592
57464,0.1080555555555555
57461,0.0878472222222222
57460,0.0582407407407407
57459,17.330335648148147
57455,0.1417013888888889
57454,0.0854976851851851
57450,0.1245601851851851
57446,0.7308680555555556
57445,2.915289351851852
57444,12.005601851851852
57442,4.122314814814815
57441,159.85097222222225
57439,5.994953703703704
57434,0.3325
57430,1.5958101851851851
57428,5.09730324074074
57426,0.0490393518518518
57425,5.236365740740741
57422,0.1294212962962962
57415,0.4274652777777777
57414,0.6103703703703703
57413,0.0571643518518518
57410,0.089849537037037
57408,0.1633680555555555
57406,0.0915856481481481
57405,0.2020949074074074
57404,0.0523263888888888
57402,3.136550925925926
57399,2.3376967592592592
57394,0.5228472222222222
57393,0.5706828703703704
57389,0.0801388888888888
57388,0.9980439814814814
57387,1.0885300925925927
57385,1.8294212962962964
57384,2.790775462962963
57383,0.0538888888888888
57381,0.0887962962962962
57380,0.0899074074074074
57379,0.0932986111111111
57376,0.3543055555555555
57375,5.380601851851852
57372,6.818680555555556
57371,0.7959375
57370,0.8152430555555555
57369,0.8494791666666667
57368,0.9111921296296296
57367,0.931539351851852
57365,10.056203703703703
57364,1.0529861111111112
57363,1.138275462962963
57361,1.1553125
57360,4.402152777777777
57359,4.3517013888888885
57358,3.354791666666667
57357,3.1738078703703705
57356,2.6500810185185184
57354,2.421400462962963
57353,0.1442708333333333
57352,1.409525462962963
57348,1.7092129629629629
57347,13.754131944444444
57346,1.7207291666666666
57345,0.5736689814814815
57344,2.770300925925926
57343,2.789386574074074
57342,2.783136574074074
57341,1.8510069444444444
57340,1.863703703703704
57339,0.0328935185185185
57337,0.0907638888888889
57336,0.1447106481481481
57334,2.4292939814814813
57333,0.5570486111111111
57332,0.4033333333333333
57331,0.4017013888888889
57330,0.4363078703703704
57329,0.4390509259259259
57328,3.7386805555555553
57327,0.124537037037037
57326,0.0576388888888888
57325,0.0586921296296296
57324,2.8561111111111117
57323,0.9788773148148148
57322,0.1796875
57321,3.823287037037037
57319,0.0840162037037037
57314,13.58866898148148
57311,7.934606481481482
57309,0.8620601851851852
57308,0.909525462962963
57307,1.562789351851852
57306,0.1612384259259259
57304,1.1199537037037035
57302,5.920231481481482
57300,0.460324074074074
57297,2.054479166666667
57296,2.130428240740741
57295,2.144837962962963
57294,0.0482638888888888
57292,0.0493634259259259
57289,0.4503819444444444
57288,1.6440046296296296
57285,0.1318518518518518
57283,6.775416666666667
57282,27.13793981481481
57279,0.3927893518518519
57278,0.061886574074074
57275,13.517314814814815
57273,11.346122685185184
57272,3.764224537037037
57271,0.1225
57270,0.1254629629629629
57269,3.943981481481481
57266,1.9286805555555555
57265,0.2128587962962963
57261,0.3535069444444444
57256,0.9631944444444444
57255,0.0869444444444444
57254,4.928356481481481
57253,0.107511574074074
57252,5.003368055555556
57250,5.333958333333333
57249,0.0943981481481481
57247,0.2328009259259259
57246,0.167662037037037
57243,2.407986111111111
57242,0.0174421296296296
57241,2.634097222222222
57240,0.0747685185185185
57239,0.7094097222222222
57238,0.0438425925925925
57237,0.0474537037037037
57236,0.6380555555555556
57235,1.7411458333333334
57234,0.0654282407407407
57233,3.735717592592593
57232,0.0974305555555555
57231,4.982164351851852
57230,0.1454282407407407
57228,0.0941203703703703
57227,0.0661689814814814
57226,1.973379629629629
57225,0.2893634259259259
57223,1.237349537037037
57222,71.57506944444444
57221,0.5354166666666667
57220,0.3362037037037037
57218,0.0041203703703703
57212,2.1834837962962963
57211,0.155949074074074
57210,0.2054398148148148
57208,0.5675347222222222
57207,0.8069675925925925
57206,0.3581597222222222
57205,21.900694444444444
57203,0.0503356481481481
57202,0.0723958333333333
57201,0.7100578703703704
57200,0.881099537037037
57199,0.9044097222222224
57198,0.0628587962962963
57194,0.1609722222222222
57190,0.5053703703703704
58097,0.7494907407407407
58096,0.7863773148148148
58095,1.2318055555555556
58093,3.09832175925926
58091,1.6690625
58090,1.711851851851852
58089,29.93144675925926
58088,55.97283564814815
58087,2.0107523148148148
58085,16.130405092592593
58084,39.559837962962966
58083,2.836493055555556
58080,2.988460648148148
58079,30.90890046296296
58077,0.0895486111111111
58076,2.9575578703703704
58075,0.1263657407407407
58060,0.6576620370370371
58059,0.6743287037037037
58058,0.6887037037037037
58057,10.740891203703704
58056,0.8268981481481481
58053,0.9274768518518518
58052,81.9600462962963
58050,0.1873148148148148
58047,0.1062037037037037
58044,41.36203703703704
58043,19.15525462962963
58040,4.696030092592593
58039,0.0422685185185185
58038,0.0802199074074074
58037,41.878877314814815
58036,0.0517129629629629
58034,0.0409722222222222
58032,2.0990046296296296
58030,1.3691550925925926
58029,1.2173148148148147
58028,0.5708217592592593
58027,0.5737384259259259
58025,0.5979745370370371
58023,0.0439583333333333
58022,0.7575462962962963
58019,5.851423611111112
58018,1.3135300925925926
58017,6.219282407407407
58016,6.008310185185185
58012,2.3351041666666665
58011,2.6389467592592597
58010,0.6140277777777777
58009,0.6363310185185185
58008,6.689502314814815
58006,9.743391203703704
58005,0.8378472222222222
58004,0.9841203703703704
58003,0.8475578703703703
58002,0.0752083333333333
58000,0.0692708333333333
57999,10.858298611111111
57998,1.113761574074074
57997,0.9419560185185184
57996,1.1297222222222223
57991,1.534675925925926
57990,2.700451388888889
57987,25.676203703703703
57986,74.77054398148148
57985,6.8571990740740745
57983,1.1493171296296296
57981,0.4267129629629629
57978,1.8758449074074075
57977,2.0297453703703705
57976,229.21421296296296
57975,1.793263888888889
57974,5.067013888888889
57973,2.065023148148148
57971,2.695636574074074
57970,1.0928472222222223
57969,3.809733796296297
57968,5.883969907407407
57966,0.0560532407407407
57965,18.094872685185184
57961,0.392824074074074
57958,136.86709490740742
57957,4.890104166666666
57947,0.3211342592592592
57946,0.5755555555555556
57943,4.7721875
57940,0.1964236111111111
57939,0.7629282407407407
57938,7.1034375
57935,0.0928125
57933,0.1255208333333333
57929,0.1290972222222222
57920,0.0783449074074074
57919,0.0852546296296296
57918,0.0194212962962962
57917,2.8158796296296296
57916,0.9060185185185186
57915,0.228912037037037
57913,3.1325
57910,0.4563657407407407
57908,0.6254976851851852
57907,0.0285300925925925
57905,0.0374305555555555
57904,0.0392708333333333
57903,0.0445486111111111
57902,1.7930671296296297
57901,0.1055324074074074
57899,0.0579398148148148
57898,0.0765162037037037
57897,0.0817013888888888
57896,50.927708333333335
57893,0.0313541666666666
57892,0.0485763888888888
57889,0.1490972222222222
57888,0.0365393518518518
57886,0.6212037037037037
57883,0.3570949074074074
57881,0.3903935185185185
57880,8.477673611111111
57879,0.9826851851851852
57877,3.4861805555555554
57875,15.187037037037037
57874,15.371122685185185
57871,0.063287037037037
57870,9.895335648148148
57869,5.909097222222222
57867,18.06502314814815
57866,0.1293287037037037
57865,4.129861111111111
57863,3.3127314814814817
57862,16.575046296296296
57861,0.0397800925925925
57860,0.0372106481481481
57858,0.0354629629629629
57857,1.1163888888888889
57856,0.8077314814814814
57855,0.8388310185185185
57854,0.0880671296296296
57851,0.4325462962962963
57848,0.6565972222222223
57844,0.0725925925925926
57843,1.1316203703703704
57842,0.0440277777777777
57841,11.040277777777778
57839,0.1815162037037037
57834,0.0484375
57833,3.007349537037037
57832,0.0385416666666666
57830,0.034224537037037
57827,0.079375
57826,4.895555555555555
57825,1.6934027777777778
57824,0.8730787037037037
57823,1.2008449074074077
57822,0.0480671296296296
57821,0.0903356481481481
57820,3.106574074074074
57819,0.4826388888888889
57818,0.4861111111111111
57816,1.123217592592593
57815,0.8925462962962963
57814,0.0426273148148148
57812,9.944444444444445
57808,0.431886574074074
57807,0.1307291666666666
57806,0.1725231481481481
57805,0.2161111111111111
57804,0.0370023148148148
57803,0.0292824074074074
57802,0.0574305555555555
57801,0.3251736111111111
57800,1.8677083333333333
57799,0.1115162037037037
57797,0.3197916666666666
57796,3.3884606481481483
57795,0.5530208333333333
57793,1.6111458333333333
57791,0.0205787037037037
57789,0.5345138888888888
57788,33.51373842592593
57787,2.145787037037037
57786,10.865520833333331
57785,0.0802662037037037
57784,0.0469791666666666
57783,1.0554861111111111
57782,0.1889467592592592
57780,0.1207291666666666
57779,0.3840856481481481
57776,0.6836226851851852
57772,0.0596296296296296
57770,5.109236111111112
57769,0.4122222222222222
57768,3.271863425925926
57767,0.0904976851851851
57766,0.2303819444444444
57764,13.28113425925926
57763,0.1816203703703703
57760,7.273541666666667
57759,0.1406018518518518
57758,20.38208333333333
57757,0.0611342592592592
57756,0.0720601851851851
57755,1.865555555555556
57754,89.61722222222222
57751,10.28925925925926
57746,0.831087962962963
57744,0.8573032407407407
57743,1.0743634259259258
57742,0.890636574074074
57741,0.9154513888888888
57740,0.088599537037037
57737,21.098761574074075
57733,766.3072916666666
57729,0.0429050925925925
57728,0.0686805555555555
57726,0.0657638888888888
57721,0.3436111111111111
57720,0.5607407407407408
57715,0.8310069444444445
57711,1.9188773148148148
57710,3.9522800925925927
57708,2.178414351851852
57707,0.7092939814814815
57705,17.970578703703705
57704,18.009849537037038
57701,3.0844560185185186
57699,6.835752314814815
57697,0.6787731481481482
57695,20.00292824074074
57692,0.0759259259259259
57689,0.0610648148148148
58497,1.195347222222222
58494,10.395868055555557
58493,0.1502546296296296
58492,0.2267939814814814
58491,0.1810300925925926
58490,0.1963194444444444
58489,0.3166898148148148
58486,0.404849537037037
58484,0.6108564814814815
58483,10.67851851851852
58481,0.8832060185185185
58479,0.0859027777777777
58477,0.0732175925925926
58476,0.0390509259259259
58468,0.2143634259259259
58467,4.785277777777778
58459,89.6002662037037
58457,2.1358333333333333
58456,2.034988425925926
58454,1.476597222222222
58453,3.0851967592592597
58452,38.118402777777774
58451,102.04681712962964
58443,0.1035879629629629
58442,3.3954050925925925
58441,2.984421296296296
58440,3.5545601851851854
58439,0.5758564814814815
58438,4.012777777777778
58437,3.956574074074074
58435,0.8903703703703704
58434,0.0154976851851851
58433,0.9177314814814816
58432,4.206388888888889
58431,0.0388541666666666
58430,0.0471064814814814
58429,0.0486805555555555
58426,0.1068171296296296
58423,3.8531597222222222
58422,0.0974189814814814
58417,0.4444907407407407
58416,0.4649074074074074
58415,0.5965046296296296
58413,8.725868055555555
58411,6.012731481481482
58408,0.0222106481481481
58407,0.0912268518518518
58406,0.1155208333333333
58402,2.330949074074074
58401,1.4606944444444443
58400,1.3728472222222223
58399,0.3619560185185185
58398,0.5064351851851852
58396,0.540162037037037
58393,0.7937384259259259
58390,0.1261226851851851
58389,0.9103125
58387,0.0472916666666666
58386,0.0442592592592592
58385,1.007650462962963
58384,0.0516319444444444
58383,0.1955902777777777
58382,79.17038194444444
58381,0.2937152777777778
58379,0.5209953703703704
58378,0.5997569444444445
58377,0.0401967592592592
58376,6.904097222222222
58374,0.0369675925925925
58371,0.0314930555555555
58370,0.3208449074074074
58369,9.28329861111111
58368,0.5348032407407407
58367,7.718888888888888
58364,0.7727199074074074
58360,1.994409722222222
58359,1.022476851851852
58358,1.936203703703704
58357,0.0210879629629629
58356,0.9861111111111112
58355,1.0171412037037038
58353,0.9792708333333332
58352,1.0495949074074074
58349,0.1964814814814814
58343,1.829930555555556
58342,0.9170486111111112
58341,0.0345023148148148
58339,0.1115393518518518
58335,4.224479166666667
58334,2.427025462962963
58333,0.7165162037037037
58331,0.1635185185185185
58330,2.911319444444445
58326,0.6697800925925926
58325,0.5711458333333334
58323,1.838703703703704
58322,0.8067361111111111
58319,3.8993171296296296
58314,1.1903935185185186
58310,0.074074074074074
58309,7.283715277777778
58305,2.461967592592593
58301,0.764537037037037
58298,1.1330208333333334
58296,2.0764699074074078
58295,0.0397685185185185
58294,0.210625
58293,0.0382175925925925
58275,0.4529166666666667
58273,1.518912037037037
58271,1.7733449074074077
58270,70.99113425925925
58269,0.050787037037037
58268,0.0461574074074074
58267,0.9993402777777778
58266,0.0621875
58265,0.0437037037037037
58261,0.4972453703703703
58256,2.1257291666666664
58254,15.382546296296296
58250,5.38837962962963
58249,20.119756944444443
58245,5.9845138888888885
58242,1.9114583333333333
58241,0.1306597222222222
58238,69.95613425925926
58237,3.072754629629629
58235,2.981388888888889
58232,74.3808912037037
58231,18.17934027777778
58228,3.866921296296296
58227,0.0757175925925925
58226,3.783229166666666
58223,0.0501967592592592
58218,0.1229861111111111
58213,2.016481481481481
58211,0.0444097222222222
58209,0.0464930555555555
58208,0.0374768518518518
58206,0.4935300925925926
58204,6.76042824074074
58203,0.0663888888888888
58202,0.5515046296296297
58201,0.0403819444444444
58200,0.0524537037037037
58199,0.0293981481481481
58198,0.032974537037037
58197,6.080960648148148
58195,0.3367361111111111
58192,0.1645254629629629
58189,15.782407407407408
58188,6.861180555555555
58187,0.0519212962962963
58183,2.862210648148148
58181,0.0974189814814814
58180,0.1066898148148148
58175,1.7847800925925923
58172,4.982222222222222
58171,2.0419560185185186
58168,0.0591666666666666
58167,0.0512962962962963
58166,3.706099537037037
58165,55.96761574074074
58163,62.11827546296296
58161,2.9561342592592594
58158,0.0440972222222222
58157,0.159224537037037
58155,4.147326388888889
58148,1.1952199074074077
58140,0.1059143518518518
58138,0.0719560185185185
58137,0.0843055555555555
58135,0.207037037037037
58127,0.0363541666666666
58126,0.0474537037037037
58125,16.808009259259258
58122,6.902395833333333
58119,1.084074074074074
58118,1.0541550925925929
58115,15.75431712962963
58114,0.6426620370370371
58107,0.1798032407407407
58105,8.210474537037037
58103,0.177662037037037
58101,0.218912037037037
58100,0.19625
58874,0.1210416666666666
58871,0.1964236111111111
58864,6.8009375
58861,2.1154282407407408
58850,2.2897685185185184
58842,4.3525
58841,4.393611111111111
58840,4.433263888888889
58839,4.436412037037037
58838,4.450543981481482
58837,4.491574074074074
58836,4.496064814814815
58835,4.499710648148148
58834,4.515092592592593
58833,4.522650462962963
58830,5.23849537037037
58817,325.60655092592594
58813,0.4767129629629629
58808,0.1119444444444444
58805,15.930034722222222
58804,13.069340277777778
58801,0.262511574074074
58800,0.2652546296296296
58798,0.2022916666666666
58797,0.0482175925925925
58796,0.2106944444444444
58794,0.3248958333333333
58793,23.89280092592593
58792,0.7753703703703704
58791,382.7399884259259
58788,0.3579513888888889
58787,0.4576504629629629
58786,0.4609606481481481
58785,0.4716782407407407
58784,0.4828356481481481
58783,0.4974884259259259
58782,0.5009722222222223
58781,0.5111342592592593
58780,0.5181481481481481
58779,0.5249884259259259
58778,0.5310300925925926
58777,1.7555671296296296
58770,0.4263078703703704
58769,0.4357175925925926
58768,0.4786458333333333
58767,24.426944444444445
58766,0.4911921296296296
58765,0.4974768518518518
58763,0.5131828703703704
58762,0.5569791666666667
58761,0.5699537037037037
58759,0.5812847222222223
58758,16.959814814814816
58757,0.0500810185185185
58756,0.1303587962962963
58755,0.0826967592592592
58754,0.0442129629629629
58753,0.0787268518518518
58752,0.1352083333333333
58751,0.0967129629629629
58749,14.25300925925926
58745,0.0024768518518518
58744,0.0326273148148148
58742,0.0215509259259259
58741,0.1129629629629629
58740,0.0402546296296296
58739,0.1908912037037037
58736,0.2780439814814814
58735,0.2856134259259259
58733,0.9023611111111112
58732,19.210671296296297
58728,0.3537384259259259
58726,0.6345138888888889
58725,0.6396759259259259
58724,0.6891666666666667
58720,0.0372685185185185
58719,0.0578819444444444
58718,0.072037037037037
58717,0.0062847222222222
58715,178.0042824074074
58710,2.901412037037037
58709,0.0898148148148148
58708,0.0089351851851851
58706,0.0542476851851851
58705,0.0753587962962963
58704,0.1219675925925925
58703,1.1415046296296296
58702,0.16625
58701,1.1622106481481482
58700,1.176284722222222
58699,0.2089583333333333
58698,0.221412037037037
58697,9.410462962962963
58695,0.3588425925925926
58694,170.0373958333333
58693,0.6081481481481481
58692,0.6140509259259259
58691,27.747847222222223
58689,3.010532407407408
58688,0.0924421296296296
58687,0.109386574074074
58686,0.009699074074074
58683,0.0902546296296296
58682,0.1114467592592592
58680,1.424224537037037
58677,0.0939930555555555
58676,0.1120833333333333
58675,0.137662037037037
58674,0.1611574074074074
58673,0.1703935185185185
58672,0.1793634259259259
58671,0.1962731481481481
58670,0.205162037037037
58668,4.950115740740741
58666,0.0177546296296296
58665,1.3047916666666666
58662,0.7925
58661,0.9005671296296296
58660,0.0462384259259259
58659,0.0352662037037037
58658,0.0515162037037037
58657,0.0743171296296296
58656,0.0493055555555555
58655,6.020856481481482
58653,0.0319328703703703
58652,0.0633680555555555
58650,0.1275810185185185
58649,0.134699074074074
58647,64.94952546296297
58646,4.888148148148148
58645,8.88025462962963
58642,0.0226041666666666
58640,32.8365625
58637,0.1109606481481481
58635,0.1925694444444444
58634,0.2664467592592592
58633,0.2848726851851851
58630,0.5513194444444445
58629,0.4866087962962963
58627,0.5003587962962963
58626,0.6321180555555556
58625,0.1215972222222222
58624,0.1518981481481481
58622,2.838657407407408
58620,0.1447569444444444
58619,0.1268402777777778
58618,0.1347569444444444
58617,0.0450462962962963
58616,0.2485879629629629
58615,0.3827199074074074
58614,0.2396064814814814
58610,0.2886458333333333
58609,1.382777777777778
58608,0.4368981481481481
58607,0.4448958333333333
58606,0.4872916666666667
58605,0.7698263888888889
58599,0.0316087962962962
58597,0.058599537037037
58596,0.0314236111111111
58595,0.0334606481481481
58590,0.2410763888888888
58589,0.2968402777777778
58588,0.3084143518518518
58587,0.3117708333333333
58580,0.5056018518518518
58579,1.6249537037037036
58575,0.2189930555555555
58574,1.1753587962962964
58573,0.2343402777777777
58572,0.2485648148148148
58571,1.1635532407407407
58568,1.19625
58567,1.3027314814814814
58566,2.315185185185185
58565,1.3369675925925926
58564,2.3056944444444443
58563,1.435601851851852
58562,1.5399074074074075
58561,2.555810185185185
58560,2.521689814814815
58558,0.1085185185185185
58556,0.0427083333333333
58555,30.985046296296296
58551,82.03494212962963
58550,2.1421875
58549,7.324421296296296
58542,0.7115856481481482
58540,0.0462847222222222
58537,0.2588773148148148
58535,0.0871875
58534,0.2295254629629629
58533,1.0919328703703703
58532,0.1601273148148148
58528,0.1717592592592592
58527,0.1851041666666666
58526,0.1907175925925926
58525,0.1963657407407407
58522,0.4374305555555555
58521,0.3533333333333333
58518,0.6988888888888889
58515,0.4663888888888889
58514,0.3629398148148148
58513,0.651238425925926
58512,0.4485300925925926
58511,0.5671643518518519
58510,0.465625
58509,0.7049189814814815
58508,0.4767939814814815
58507,0.5904513888888889
58506,0.4842824074074074
59144,2.877719907407408
59143,10.87394675925926
59142,9.828171296296295
59141,6.937037037037037
59136,24.469444444444445
59135,3.232164351851852
59127,0.0526041666666666
59125,178.70849537037037
59124,4.3799421296296295
59123,2.057199074074074
59119,0.3949189814814814
59117,0.5241550925925926
59114,4.755590277777777
59113,0.0461342592592592
59109,0.1209722222222222
59108,1.1644907407407408
59105,25.247546296296296
59104,0.0073379629629629
59103,0.1141087962962962
59102,0.1222222222222222
59101,0.1338773148148148
59097,0.0929629629629629
59094,0.2401157407407407
59090,0.5543634259259259
59089,48.809270833333336
59086,0.0930208333333333
59085,0.1359375
59083,1.2276157407407406
59081,1.1703009259259258
59080,0.2305439814814814
59075,4.321041666666667
59073,2.449201388888889
59071,49.96946759259259
59070,2.391111111111111
59069,3.6846064814814814
59068,0.0364814814814814
59067,0.0441666666666666
59065,3.53775462962963
59064,6.189386574074074
59061,0.5656944444444445
59058,6.118472222222223
59056,1.1778356481481482
59051,2.3102314814814813
59047,0.0187847222222222
59046,6.092430555555556
59044,0.1319444444444444
59040,0.5898148148148148
59037,6.789340277777778
59035,1.0200925925925926
59034,0.1072337962962963
59033,0.119849537037037
59030,0.2404166666666666
59029,0.2899189814814815
59027,0.3736342592592592
59025,0.4606481481481481
59021,5.270879629629629
59018,4.006851851851851
59017,0.0564351851851851
59016,9.888958333333331
59015,0.096261574074074
59013,0.2450578703703703
59011,0.5589004629629629
59007,24.771527777777777
59002,0.2087847222222222
59001,0.0755092592592592
58998,22.340208333333333
58995,140.4465277777778
58994,12.755324074074077
58992,0.8073148148148148
58985,26.57888888888889
58984,2.408888888888889
58979,0.1777199074074074
58978,41.546527777777776
58976,0.3658449074074074
58975,1.7946180555555555
58973,3.950486111111111
58972,3.956412037037037
58970,0.1622916666666666
58968,0.1446527777777777
58967,14.289664351851853
58966,582.5729398148148
58961,0.0014236111111111
58960,6.787453703703704
58959,17.992013888888888
58958,6.929537037037037
58957,0.2201273148148148
58953,0.0697337962962963
58951,3.770578703703704
58947,0.0395023148148148
58937,1.943113425925926
58936,0.0545717592592592
58935,0.0582754629629629
58934,0.0620717592592592
58923,0.101574074074074
58922,0.146875
58921,0.0392013888888888
58919,0.0403819444444444
58917,0.1424074074074074
58914,0.4977430555555555
58910,0.8489351851851852
58908,0.8972569444444445
58905,0.9670949074074074
58903,0.1793171296296296
58902,0.0752199074074074
58897,1.0030208333333333
58896,2.036122685185185
58895,1.026712962962963
58894,1.0393287037037038
58893,4.202523148148148
58892,1.0703819444444445
58891,1.0850347222222223
58890,1.0892592592592591
58889,1.161863425925926
58888,1.1710185185185185
58887,1.1732175925925925
58886,1.7807870370370371
58885,0.4052893518518518
58884,0.4279976851851851
58883,0.4344675925925926
58882,0.4495023148148148
58881,0.4561458333333333
58880,0.459849537037037
58879,0.4679398148148148
58878,0.4898032407407407
58877,0.508449074074074
58876,46.62273148148148
59377,4.996493055555556
59376,0.8575694444444445
59375,0.0832175925925925
59373,1.0043402777777777
59368,0.4470138888888889
59367,0.4055092592592592
59366,0.4279050925925926
59365,0.4460300925925926
59364,0.4576388888888889
59363,0.4709837962962963
59361,0.0700462962962963
59357,2.8584490740740742
59354,0.1768055555555555
59352,0.1857060185185185
59348,0.0467708333333333
59347,0.0731712962962962
59345,2.0607291666666665
59341,0.7055092592592592
59340,0.9657407407407408
59339,0.9840972222222222
59338,0.9891666666666666
59337,3.910868055555556
59335,2.2638310185185184
59331,4.3933333333333335
59330,3.205567129629629
59329,3.2769560185185185
59327,4.152685185185185
59325,0.2925810185185185
59323,1.1594444444444445
59322,0.3227546296296296
59321,0.3620833333333333
59320,0.3671643518518518
59319,0.5594791666666666
59318,7.653541666666666
59316,4.706168981481482
59311,0.0290972222222222
59310,0.2691550925925925
59308,0.031574074074074
59306,0.0789467592592592
59305,0.0411805555555555
59304,0.1053819444444444
59302,1.1077314814814814
59300,1.3952430555555555
59297,2.1624074074074078
59296,30.166342592592592
59292,2.671284722222222
59291,1.984953703703704
59290,2.0451967592592597
59289,2.070636574074074
59288,2.117037037037037
59287,2.1947453703703705
59286,2.569016203703704
59284,65.933125
59283,3.873761574074074
59282,0.0361226851851851
59281,2.934675925925926
59280,0.055324074074074
59278,0.2152083333333333
59275,3.9524421296296297
59269,0.5101157407407407
59268,0.5658333333333333
59266,0.040625
59265,1.1416203703703705
59264,0.1271875
59262,0.2828819444444444
59259,0.500011574074074
59258,1.8303125
59257,1.882638888888889
59255,0.0840509259259259
59254,0.1706944444444444
59251,0.0321875
59250,0.0573379629629629
59248,1.1981828703703703
59247,0.2594907407407407
59246,0.7566319444444445
59245,1.466863425925926
59244,0.9825347222222224
59243,1.4256018518518518
59240,6.96869212962963
59239,53.18659722222223
59236,0.1085300925925926
59234,1.6710300925925925
59230,0.019537037037037
59229,0.1420486111111111
59223,1.8560416666666664
59214,0.7336805555555556
59211,7.072627314814815
59210,7.098912037037037
59209,0.0622569444444444
59208,0.2947800925925926
59206,0.5670949074074074
59202,0.954386574074074
59201,1.0879976851851851
59200,1.0096412037037037
59198,1.1297685185185184
59195,2.074803240740741
59194,0.8594560185185185
59191,2.939618055555556
59185,0.3194675925925926
59183,3.901365740740741
59181,2.1078472222222224
59179,19.51732638888889
59178,18.80548611111111
59175,0.1380208333333333
59172,6.790127314814815
59171,0.0436226851851851
59169,0.1171180555555555
59168,1.022013888888889
59159,0.0353935185185185
59158,0.0424305555555555
59156,0.2740393518518518
59679,0.0546875
59678,2.228726851851852
59675,0.4488194444444444
59674,0.4691435185185185
59673,0.4819791666666667
59672,2.6606828703703704
59669,0.0190972222222222
59665,0.1993402777777777
59663,0.3435532407407407
59661,0.3523958333333333
59660,0.3827546296296296
59658,0.3953819444444444
59654,83.3793287037037
59651,0.1246759259259259
59648,2.8118055555555554
59647,7.858680555555556
59644,0.1682638888888888
59643,0.0767129629629629
59642,0.1231828703703703
59638,0.4241435185185185
59636,218.78377314814816
59634,0.736712962962963
59633,0.1256944444444444
59632,0.8097222222222222
59630,0.0916203703703703
59629,10.617534722222222
59628,0.0879976851851851
59626,0.996238425925926
59625,0.0480555555555555
59624,6.142337962962963
59622,0.4764814814814815
59621,0.5692824074074074
59619,4.017175925925926
59618,0.1402430555555555
59617,1.9926388888888888
59616,44.88193287037037
59615,5.042708333333334
59611,2.114837962962963
59610,1.0968402777777777
59608,0.5792939814814815
59607,0.6736689814814815
59605,0.7348726851851852
59602,0.1516782407407407
59601,338.1357754629629
59600,0.7333449074074074
59599,1.7088541666666666
59598,3.842361111111111
59597,1.972060185185185
59596,1.0388078703703705
59594,2.5225694444444446
59591,1.8182291666666663
59590,1.828136574074074
59589,0.1185532407407407
59587,3.058425925925926
59584,0.1288888888888889
59583,0.7622569444444445
59582,17.86895833333333
59581,0.0749884259259259
59579,0.6566782407407408
59578,12.888680555555556
59577,19.130277777777778
59574,1.2434837962962964
59573,0.3466898148148148
59570,0.0148958333333333
59569,0.1171527777777777
59568,8.64699074074074
59566,1.0142708333333332
59562,16.870613425925924
59558,5.510844907407408
59555,22.91789351851852
59553,1.0438657407407408
59552,2.0071180555555554
59551,3.1435185185185186
59550,0.0108796296296296
59549,18.06556712962963
59546,8.467407407407407
59545,1.8232638888888888
59544,22.577418981481483
59541,22.665416666666665
59540,2.19988425925926
59539,2.1984953703703702
59536,0.0020023148148148
59535,32.14511574074074
59533,2.778090277777778
59526,0.8665393518518518
59525,0.9652199074074074
59521,0.5324074074074074
59520,0.5418981481481482
59519,0.9564699074074074
59517,0.9614699074074076
59515,1.050335648148148
59514,0.1407060185185185
59513,56.07619212962963
59509,0.4326273148148148
59507,0.6033912037037037
59506,0.1296643518518518
59505,0.0780092592592592
59501,2.084421296296296
59496,0.2085185185185185
59491,0.0449884259259259
59490,0.03
59489,0.4064699074074074
59488,0.5591203703703703
59487,9.4490625
59486,0.5474189814814815
59485,1.7836805555555555
59484,0.9582175925925924
59482,1.106064814814815
59481,2.735949074074074
59479,1.3335532407407409
59478,11.032430555555557
59475,4.72380787037037
59474,1.8249189814814812
59472,0.7505671296296297
59471,11.289421296296297
59470,2.3913541666666664
59467,2.619537037037037
59464,0.0836574074074074
59463,3.975486111111111
59460,25.351493055555554
59456,0.2529629629629629
59451,0.9614351851851852
59450,0.0673263888888889
59449,0.0320949074074074
59448,0.2902777777777778
59446,0.5545023148148148
59444,0.1015393518518518
59443,0.1247337962962963
59442,1.1241203703703704
59441,0.0552314814814814
59439,0.1258796296296296
59437,2.3676041666666667
59435,15.437418981481482
59434,0.9385532407407408
59433,89.35699074074074
59430,93.67011574074074
59427,0.3614351851851852
59425,0.656863425925926
59424,0.0075578703703703
59423,0.0607986111111111
59416,0.1892592592592592
59414,1.307511574074074
59413,0.5478240740740741
59409,4.838472222222222
59407,20.99203703703704
59406,1.193136574074074
59404,1.2789699074074077
59403,30.289155092592598
59401,1.6823032407407408
59400,1.5206944444444443
59398,6.559965277777778
59397,5.9550578703703705
59396,1.993587962962963
59395,2.9621875
59394,2.0412731481481483
59393,16.269895833333333
59392,11.115208333333332
59388,5.944340277777778
59928,2.9661921296296296
59925,0.4142824074074074
59924,0.4354513888888889
59921,0.8879976851851852
59920,0.0463425925925925
59918,0.427349537037037
59914,2.046122685185185
59912,0.0383680555555555
59911,5.288449074074074
59910,34.16042824074074
59909,41.83155092592592
59907,6.303101851851852
59906,3.7983564814814814
59900,32.40232638888889
59898,2.573240740740741
59896,2.557916666666667
59894,0.7807523148148148
59893,0.1894560185185185
59878,15.123333333333331
59875,38.07391203703704
59872,3.2978935185185185
59871,3.395983796296296
59870,0.2244212962962962
59869,6.423587962962963
59868,3.423298611111111
59867,3.4688541666666666
59866,3.461516203703704
59865,3.466597222222222
59864,3.4575578703703704
59863,3.4955208333333334
59862,3.499895833333333
59861,3.5062037037037035
59860,3.5511226851851854
59859,3.5231828703703703
59858,3.530775462962963
59857,3.5753587962962965
59856,3.5513194444444443
59855,4.796550925925926
59854,4.8584606481481485
59853,40.49453703703704
59852,4.840520833333334
59850,9.202893518518518
59848,0.0068518518518518
59847,0.0211805555555555
59843,5.87037037037037
59842,0.0407060185185185
59840,0.1308680555555555
59837,0.0180092592592592
59836,0.0736805555555555
59835,0.298136574074074
59834,0.0519212962962963
59830,0.451724537037037
59828,0.0132638888888888
59822,9.005960648148148
59821,0.0398032407407407
59819,2.424675925925926
59818,0.2921296296296296
59816,24.395
59813,2.069710648148148
59812,0.4786574074074074
59811,0.0767708333333333
59810,0.9706597222222222
59809,10.014166666666666
59808,0.0425925925925925
59807,0.4962847222222222
59805,0.6065625
59804,0.4759606481481481
59803,0.4822800925925926
59802,0.493761574074074
59800,1.1223611111111111
59799,0.1190162037037037
59798,0.1392939814814814
59796,0.2113194444444444
59793,16.99355324074074
59787,0.5570138888888889
59786,131.9882638888889
59785,5.937511574074074
59784,0.0804050925925926
59782,19.99086805555556
59778,0.7480902777777778
59774,14.795486111111112
59773,14.90755787037037
59768,3.024490740740741
59762,0.16
59760,1.086712962962963
59759,3.373449074074074
59758,0.4601388888888889
59757,0.3419444444444444
59756,0.5241550925925926
59755,2.735474537037037
59753,0.8352777777777778
59751,51.137962962962966
59749,2.576967592592593
59748,4.796469907407407
59747,1.7455092592592591
59745,29.09079861111111
59742,2.665277777777778
59735,0.2460300925925926
59733,0.4331134259259259
59730,0.550162037037037
59729,3.580185185185185
59728,3.597476851851852
59727,0.4633564814814815
59724,4.459768518518518
59723,0.9434953703703703
59720,29.2840625
59719,25.140173611111116
59713,0.9688425925925926
59709,1.0313425925925923
59708,0.8518287037037037
59707,0.0531597222222222
59705,0.0549189814814814
59703,0.9013310185185184
59702,0.7869328703703704
59701,0.063449074074074
59699,0.8712037037037037
59696,448.8329398148149
59688,69.93481481481481
59686,38.01612268518519
59685,23.24590277777778
59683,7.342488425925926
59682,4.416793981481481
60160,0.0192939814814814
60158,0.1249074074074074
60157,0.0894212962962962
60156,0.2442592592592592
60155,0.0495601851851851
60153,0.037511574074074
60152,0.3174189814814814
60151,0.0756712962962962
60150,0.339525462962963
60147,0.0557523148148148
60146,13.031863425925923
60145,1.9897685185185183
60144,0.7124884259259259
60143,0.2896759259259259
60142,0.1767939814814814
60141,0.219386574074074
60136,4.928912037037037
60135,0.3333333333333333
60134,4.9513541666666665
60133,1.1727430555555556
60131,0.0985648148148148
60130,0.4651041666666666
60125,0.0791898148148148
60121,1.6699074074074074
60118,2.953263888888889
60117,1.6655324074074074
60116,1.7572106481481482
60112,2.808692129629629
60110,0.7958680555555555
60109,0.290787037037037
60103,5.946296296296296
60100,18.316296296296297
60089,6.153553240740741
60081,16.73170138888889
60076,8.014131944444445
60072,11.024097222222222
60061,11.45050925925926
60060,13.081284722222222
60058,13.356805555555557
60052,136.9524074074074
60051,14.201331018518518
60047,15.266770833333334
60046,20.38431712962963
60040,15.205694444444443
60037,15.429502314814815
60036,7.44082175925926
60035,16.452662037037037
60034,15.493969907407408
60033,13.213402777777778
60032,15.531331018518518
60031,15.68883101851852
60030,15.692638888888888
60029,16.031076388888888
60021,0.8039583333333333
60020,0.0521064814814814
60019,0.5396064814814815
60015,0.0103587962962962
60014,0.7843171296296296
60013,0.1638425925925926
60012,0.0540046296296296
60011,0.0327777777777777
60008,0.0713773148148148
60006,1.905868055555556
60002,0.4196759259259259
60001,0.5135879629629629
60000,0.2000347222222222
59999,0.0540162037037037
59998,1.2214930555555557
59995,0.1132407407407407
59991,0.2125
59990,0.2213541666666666
59988,0.3370023148148148
59986,0.0322569444444444
59985,2.945034722222222
59984,0.4753819444444444
59983,0.4794675925925926
59982,0.4822106481481481
59981,0.4872916666666667
59980,0.5517476851851851
59975,0.4384143518518518
59974,0.5893287037037037
59972,25.81185185185185
59971,31.970659722222223
59967,0.3688657407407407
59966,0.3907407407407407
59964,0.3907754629629629
59962,1.2977662037037037
59958,1.3207407407407408
59943,0.0814930555555555
59941,0.7664583333333334
59940,0.0017013888888888
59939,0.0010879629629629
59937,116.4651273148148
59936,0.1052546296296296
59930,2.3127546296296297
59929,1.0575578703703703
60454,33.234097222222225
60453,2.2236458333333333
60452,2.503553240740741
60450,30.32912037037037
60449,3.586539351851852
60447,3.5989814814814816
60446,3.6310416666666665
60444,2.716458333333333
60442,4.068344907407408
60441,4.0690740740740745
60436,58.92475694444445
60433,44.01519675925926
60430,5.572523148148148
60426,0.0465393518518518
60420,0.2996643518518518
60419,0.5009027777777778
60418,0.1492592592592592
60417,0.1750347222222222
60416,0.0435532407407407
60415,1.170474537037037
60414,0.6651851851851852
60413,2.470613425925926
60412,0.6089467592592592
60407,2.238726851851852
60404,2.4086458333333334
60403,2.491134259259259
60402,2.5011689814814817
60401,2.5095949074074078
60400,2.510243055555556
60399,2.515185185185185
60398,0.0564583333333333
60397,0.2070254629629629
60395,51.78318287037037
60390,0.0738773148148148
60386,0.3051273148148148
60382,0.6436342592592592
60381,0.6605092592592593
60377,0.1797106481481481
60376,91.14982638888888
60375,0.357662037037037
60374,1.31625
60367,0.5678356481481481
60359,2.644953703703704
60357,223.7620833333333
60356,2.9753819444444445
60352,0.5732638888888889
60349,34.993344907407405
60347,0.060162037037037
60346,0.1462847222222222
60345,0.1252662037037037
60344,0.305787037037037
60342,3.267743055555556
60339,0.5328009259259259
60337,0.684050925925926
60334,0.4530208333333333
60333,1.4805092592592592
60332,0.5089930555555555
60331,40.78032407407407
60330,3.2346180555555555
60329,11.114722222222222
60328,0.259224537037037
60327,0.1214004629629629
60325,0.1608333333333333
60324,0.163599537037037
60321,0.2657175925925926
60320,0.2704861111111111
60319,0.454537037037037
60318,0.622662037037037
60317,0.0411805555555555
60316,0.0432986111111111
60315,0.3541782407407407
60314,0.169375
60312,1.187465277777778
60311,0.2658333333333333
60310,0.3053703703703703
60296,1.3538194444444445
60295,2.4376736111111112
60294,1.52
60293,0.926585648148148
60292,1.814328703703704
60291,0.8633449074074074
60286,3.235208333333333
60285,0.4022222222222222
60279,0.2183564814814814
60277,2.6135532407407407
60271,2.6597916666666666
60268,1.904016203703704
60267,1.916273148148148
60266,1.9597685185185183
60265,1.9644907407407408
60264,1.8951967592592596
60263,1.7924074074074074
60261,1.7971527777777778
60260,0.5337384259259259
60257,40.43159722222222
60256,0.0592708333333333
60255,5.699710648148148
60253,4.005324074074074
60252,3.087337962962963
60251,20.792800925925928
60250,0.053136574074074
60249,0.0835069444444444
60248,0.0754629629629629
60247,4.229456018518518
60246,1.1569097222222222
60245,0.3031597222222222
60242,0.1584375
60241,0.1591898148148148
60240,0.1331018518518518
60238,0.4125347222222222
60235,3.886608796296296
60233,0.1634722222222222
60232,0.5070717592592593
60231,0.4747106481481482
60230,0.0920601851851851
60226,0.2313425925925926
60225,0.2873842592592592
60223,0.0409606481481481
60222,0.0498726851851851
60221,0.7783217592592593
60220,0.0834606481481481
60219,0.7930902777777777
60217,0.196412037037037
60216,0.1367708333333333
60215,0.2046527777777777
60212,0.4189583333333333
60211,1.6455324074074074
60209,1.2524421296296295
60208,0.0744097222222222
60206,0.0536921296296296
60202,0.0652893518518518
60201,0.0461921296296296
60200,0.0471180555555555
60198,0.0996527777777777
60197,0.1238657407407407
60196,0.1504166666666666
60195,0.1781944444444444
60193,0.217037037037037
60192,0.1276041666666666
60191,2.0698842592592595
60189,0.4351736111111111
60188,0.4465625
60187,0.0149074074074074
60186,1.2885069444444444
60185,0.0641898148148148
60183,42.77
60182,18.30069444444445
60180,44.39653935185185
60178,0.9033796296296296
60177,0.0652777777777777
60176,0.4582986111111111
60175,0.0496527777777777
60174,0.0535648148148148
60173,0.0546527777777777
60172,1.6205439814814817
60170,0.8042708333333334
60168,0.0400347222222222
60165,0.2097685185185185
60637,2.0269328703703704
60636,1.4829861111111111
60635,1.4939583333333333
60634,1.5094907407407407
60633,13.264756944444445
60631,0.6588773148148148
60630,0.0171527777777777
60628,0.0499768518518518
60626,0.1445601851851851
60623,0.2389236111111111
60620,0.0398842592592592
60619,0.0664930555555555
60617,0.0846759259259259
60615,0.1261458333333333
60614,0.2362731481481481
60612,5.811817129629629
60608,7.124780092592593
60599,0.4239699074074074
60598,4.75224537037037
60588,0.0124421296296296
60586,0.0410300925925925
60584,0.9732407407407409
60582,0.1717708333333333
60579,31.88383101851852
60577,0.1085185185185185
60574,1.3223148148148147
60572,1.4821180555555555
60571,1.4971643518518518
60570,1.5040972222222222
60566,3.0967708333333333
60565,0.2330208333333333
60559,0.194537037037037
60558,0.1985532407407407
60556,0.6828472222222223
60555,0.7437384259259259
60553,0.3310300925925926
60549,1.6347800925925926
60547,0.0345254629629629
60546,0.0567013888888888
60545,0.0365162037037037
60544,0.0398379629629629
60543,5.276921296296297
60541,0.1270254629629629
60540,78.15796296296297
60538,35.41334490740741
60532,23.842002314814813
60527,1.0955092592592592
60526,1.2890046296296296
60525,1.452962962962963
60524,1.6512037037037035
60523,1.6601851851851852
60520,2.112592592592593
60518,2.4394444444444443
60516,1.2930671296296297
60513,26.708194444444445
60512,9.753622685185183
60510,2.8510300925925924
60509,2.971273148148148
60507,0.1559027777777777
60505,0.4207523148148148
60502,27.811157407407407
60501,27.862129629629628
60483,0.0802546296296296
60481,0.0842476851851851
60480,0.2687615740740741
60476,0.0679861111111111
60475,1.8487962962962965
60474,0.8665393518518518
60470,0.3217361111111111
60468,1.2251157407407407
60465,0.7495833333333334
60464,0.9075694444444444
60463,1.118969907407407
60461,2.2373148148148148
60459,2.439085648148148
60457,2.6526851851851854
